Query,Version,Input Tokens,Output Tokens,Total Tokens,Quality
What is RAG?,Baseline,100,273,373,
Explain machine learning to a beginner.,Baseline,331,783,1114,
What is the difference between supervised and unsupervised learning?,Baseline,1082,516,1598,
Explain APIs with a simple example.,Baseline,1583,823,2406,
What are the advantages of Python?,Baseline,2367,533,2900,
Explain neural networks simply.,Baseline,2793,981,3774,
hi,Baseline,96,30,126,
What is machine learning?,Baseline,120,158,278,
What are its main types?,Baseline,262,379,641,
Give me an example of each.,Baseline,618,596,1214,
Which one is generally used when labelled data is available?,Baseline,1199,76,1275,
What is RAG?,System Prompt Optimized,94,331,425,
Explain machine learning to a beginner.,System Prompt Optimized,296,323,619,
What is the difference between supervised and unsupervised learning?,System Prompt Optimized,534,173,707,
Explain APIs with a simple example.,System Prompt Optimized,700,294,994,
What are the advantages of Python?,System Prompt Optimized,968,252,1220,
Explain neural networks simply.,System Prompt Optimized,1217,258,1475,
What is machine learning?,System Prompt Optimized,94,120,214,
What are its main types?,System Prompt Optimized,171,351,522,
Give me an example of each.,System Prompt Optimized,473,376,849,
Which one is generally used when labelled data is available?,System Prompt Optimized,813,67,880,
What is RAG?,History Optimized,94,223,317,
Explain machine learning to a beginner.,History Optimized,254,369,623,
What is the difference between supervised and unsupervised learning?,History Optimized,617,315,932,
Explain APIs with a simple example.,History Optimized,745,461,1206,
What are the advantages of Python?,History Optimized,806,336,1142,
Explain neural networks simply.,History Optimized,829,490,1319,
What is machine learning?,History Optimized,94,212,306,
What are its main types?,History Optimized,265,297,562,
Give me an example of each.,History Optimized,530,426,956,
Which one is generally used when labelled data is available?,History Optimized,787,63,850,
What is RAG?,Output Optimized,100,199,299,
Explain machine learning to a beginner.,Output Optimized,196,365,561,
What is the difference between supervised and unsupervised learning?,Output Optimized,536,196,732,
Explain APIs with a simple example.,Output Optimized,630,330,960,
What are the advantages of Python?,Output Optimized,616,197,813,
Explain neural networks simply.,Output Optimized,581,234,815,
What is machine learning?,Output Optimized,100,140,240,
What are its main types?,Output Optimized,240,184,424,
Give me an example of each.,Output Optimized,402,175,577,
Which one is generally used when labelled data is available?,Output Optimized,430,47,477,
